"FECHA","TMAX","TMIN","TMED","PRECIP"
"2020-01-01","28","19","24.299999237","0"
"2020-01-02","27.700000763","18","23.799999237","0"
"2020-01-03","29.299999237","18.5","25.399999619","0"
"2020-01-04","29.700000763","16","25.5",\N
"2020-01-05","31.100000381",\N,\N,"9"
"2020-01-06","25.700000763","16",\N,"0"
"2020-01-07","29.600000381","11.5","24.299999237","0"
"2020-01-08","32.5","14.5","27.100000381","14"
"2020-01-09","28.200000763","18","23.700000763","17"
"2020-01-10","28.700000763","19","24","0"
"2020-01-11","31.299999237","20.5","27","0"
"2020-01-12","31.600000381","23.399999619","28.399999619","21"
"2020-01-13","33","21.5","28","0"
"2020-01-14","30.100000381","21.5","27.200000763","17"
"2020-01-15","27.200000763","20.200000763","22.200000763","9"
"2020-01-16","26.700000763","13","21.5","0"
"2020-01-17","27","16.799999237","23","0"
"2020-01-18","29.5","16.200000763","24.200000763","0"
"2020-01-19","33.799999237","21.100000381","29","5"
"2020-01-20","29.200000763","24.399999619","25.299999237","2"
"2020-01-21","28.200000763","22.799999237","24.899999619","0"
"2020-01-22","29.399999619","20.299999237","25.5","0"
"2020-01-23","31.299999237","21","26.899999619","0"
"2020-01-24","32.099998474","17.299999237","27.200000763","0"
"2020-01-25","34.400001526","19.600000381","28","0"
"2020-01-26","34.299999237","15.800000191","26.799999237","0"
"2020-01-27","27.200000763","17","22.600000381","0"
"2020-01-28","32.299999237","14.600000381","24.799999237","0"
"2020-01-29","25.100000381","20.100000381","21.899999619","0.5"
"2020-01-30","26","14.199999809","20.200000763","0"
"2020-01-31","29.700000763","9.5","22.799999237",\N
"2020-02-01","31.200000763",\N,\N,"0"
"2020-02-02","33.700000763","15.5","27.700000763","0"
"2020-02-03","35","16.799999237","29.5","0"
"2020-02-04","35.700000763","19.5","29.899999619","22"
"2020-02-05","29","18.600000381","21.399999619","16"
"2020-02-06","28.700000763","19","25.299999237","0"
"2020-02-07","29.200000763","22","24.700000763","0"
"2020-02-08","30.100000381","22.299999237",\N,"0"
"2020-02-09","25.5","17.799999237","21.799999237","0"
"2020-02-10","25.899999619","14","21","0"
"2020-02-11","28","14.5","21.799999237","0"
"2020-02-12","30.100000381","16.200000763","24.100000381","0"
"2020-02-13","32.200000763","18.5","26.399999619","7"
"2020-02-14","30.200000763","22","26.100000381","0"
"2020-02-15","33.099998474","19.799999237","27.600000381","0"
"2020-02-16",\N,"20.5",\N,\N
"2020-02-17","32",\N,\N,"6"
"2020-02-18","25.899999619","14.5","19.700000763","0"
"2020-02-19","29.399999619","10","24.200000763","0"
"2020-02-20","24.200000763","15.5","19.299999237","0"
"2020-02-21","23.200000763","11.5","18.5","0"
"2020-02-22","25.5","6.6999998093","19.700000763","0"
"2020-02-23","26.899999619","9.5","20.100000381","0"
"2020-02-24","30.299999237","13.300000191","23.700000763","2"
"2020-02-25","29.100000381","17.299999237","21","0"
"2020-02-26","27.799999237","10","20.5","0"
"2020-02-27","30.299999237","9.3999996185","23.299999237","0"
"2020-02-28","32.700000763","12.300000191","26.299999237","0"
"2020-02-29","33.5","17.5",\N,"0"
"2020-03-01","33.299999237","20.600000381","28.200000763","0"
"2020-03-02","33","17.200000763","26.5","0"
"2020-03-03","33.200000763","14","26.399999619","0"
"2020-03-04","33.200000763","16","27","0"
"2020-03-05","33.5","16","26.299999237","0"
"2020-03-06","32","19","24.899999619","0"
"2020-03-07","33.299999237","14.199999809","26.799999237","0"
"2020-03-08","34.799999237","18.399999619","27.899999619","0"
"2020-03-09","36","16.700000763","28","0"
"2020-03-10","32.5","19.200000763","26.200000763","0"
"2020-03-11","36","20.100000381","26.600000381","9"
"2020-03-12","32.200000763","17.600000381","25.700000763","0.8000000119"
"2020-03-13","34.599998474","21.799999237","28.200000763","0"
"2020-03-14","28.700000763","21","24.899999619","15"
"2020-03-15","21","15.699999809","17.299999237","7"
"2020-03-16","28.5","16.600000381","22.600000381","0"
"2020-03-17","22","17.100000381","19.299999237","62"
"2020-03-18","24.899999619","16.100000381","19.100000381","0"
"2020-03-19","28.5","11.899999619","20.299999237","0"
"2020-03-20","31","11.800000191","23.299999237","0"
"2020-03-21","29.299999237","16.799999237","23.200000763","0"
"2020-03-22","30.700000763","15","23.399999619","0"
"2020-03-23","32.099998474","16","24.899999619","0"
"2020-03-24","34.799999237","19.5","27.600000381","0"
"2020-03-25","26.700000763","21.200000763","23.299999237","9"
"2020-03-26","27.600000381","19.600000381","23.100000381","0"
"2020-03-27","26.5","18.600000381","21.700000763","0"
"2020-03-28","27","17.799999237","22.5","0"
"2020-03-29","30.100000381","16.5","24.399999619","0"
"2020-03-30","31.200000763","15.699999809","25.5","0"
"2020-03-31","30.5","18.5","25.5","0"
"2020-04-01","28","21.200000763","23.700000763","3"
"2020-04-02","24.200000763","14","19","0"
"2020-04-03","24.5","7","17.700000763","0"
"2020-04-04","27.600000381","11","20.299999237","0"
"2020-04-05","29.100000381","13","21.5","0"
"2020-04-06","22.399999619","14.600000381","17.299999237","0"
"2020-04-07","21.5","3.9000000954","15.300000191","0"
"2020-04-08","22.200000763","6.4000000954","16.200000763","0"
"2020-04-09","23.899999619","9.6000003815","16.5","0"
"2020-04-10","24.899999619","9.1999998093","16.799999237","0"
"2020-04-11","25.899999619","9.5","18.299999237","0"
"2020-04-12","26.399999619","10.899999619","19.600000381","8"
"2020-04-13","20.799999237","14.199999809","15.699999809","3"
"2020-04-14","22.799999237","7.5","14.800000191","0"
"2020-04-15","24.100000381","4.5","16.5","0"
"2020-04-16","26.100000381","8.1999998093","18","0"
"2020-04-17","27.200000763","9","19.100000381","0"
"2020-04-18","27.200000763","8.6999998093","18.799999237","0"
"2020-04-19","29.799999237","10.699999809","20.799999237","0"
"2020-04-20","31.700000763","12.699999809","22.5","0"
"2020-04-21","29.700000763","12.800000191","22.5","0"
"2020-04-22","27.899999619","14","21.200000763","0"
"2020-04-23","29.700000763","16","22.600000381","0"
"2020-04-24","34.5","19","27.399999619","0"
"2020-04-25","26.399999619","17.799999237","19.700000763","9"
"2020-04-26","20.200000763","16.200000763","18.200000763","0"
"2020-04-27","20","18","18.899999619","68"
"2020-04-28","21.700000763","13.600000381","18","4"
"2020-04-29","23.799999237","7",\N,"0"
"2020-04-30","24.5","11.800000191","19.200000763","0"
"2020-05-01","25.100000381","9","18.600000381","0"
"2020-05-02","22.600000381","9.1000003815","15.600000381","0"
"2020-05-03","20.799999237","12.5","17","0"
"2020-05-04","19.299999237","14.5","16.299999237","5"
"2020-05-05","17.799999237","9.5","14.300000191","0"
"2020-05-06","17.200000763","2.5","9.6999998093","0"
"2020-05-07","19.799999237","1.5","12.399999619","0"
"2020-05-08",\N,"5",\N,"0"
"2020-05-09","24.600000381","7.8000001907","16.299999237","0"
"2020-05-10","28.5","8.8999996185","18.5",\N
"2020-05-11","21.799999237",\N,\N,"0"
"2020-05-12","20.100000381","10.699999809","15.5","0"
"2020-05-13","20.5","4.5","13.100000381","0"
"2020-05-14","19.299999237","0.3000000119","10.300000191","0"
"2020-05-15","24.799999237","7.5","17.600000381","0"
"2020-05-16","30.100000381","10.199999809","20.299999237","0"
"2020-05-17","29.399999619","12.399999619","20.399999619","0"
"2020-05-18","27","9.6999998093","18.399999619","0"
"2020-05-19","28.200000763","10.300000191","19.799999237","0"
"2020-05-20","25.899999619","14.600000381","18.600000381","0"
"2020-05-21","14.699999809","11.600000381","13","1"
"2020-05-22","13.5","8.6000003815","10","0"
"2020-05-23","16","1","7.9000000954","0"
"2020-05-24","20.200000763","1.5","13.199999809","0"
"2020-05-25","20.100000381","6.5","13.5","0"
"2020-05-26","21.399999619","1","12.800000191","0"
"2020-05-27","25","5","15.399999619","0"
"2020-05-28","26.100000381","4.5","15.699999809","0"
"2020-05-29","26.799999237","6.5","18.100000381",\N
"2020-05-30",\N,\N,\N,\N
"2020-05-31",\N,\N,\N,\N
"2020-06-01","16",\N,\N,\N
"2020-06-02","17.700000763",\N,\N,"0"
"2020-06-03","17.799999237","2.7999999523","11.300000191","0"
"2020-06-04","16.700000763","1.5","10.399999619","0"
"2020-06-05","16","5.4000000954","12.100000381","0"
"2020-06-06","18.600000381","7.5","14.300000191","0"
"2020-06-07","19.899999619","5.1999998093","12.899999619","0"
"2020-06-08","21.200000763","6.5","14.199999809","0"
"2020-06-09","22.200000763","3","13.399999619","0"
"2020-06-10","20.200000763","5","12","0"
"2020-06-11","19.5","3.0999999046","12.800000191","0"
"2020-06-12","21.299999237","8","14.5","0"
"2020-06-13","13.800000191","-0.600000024","4.6999998093","0"
"2020-06-14","16.200000763","-2.799999952","9.3000001907","0"
"2020-06-15","17","7.1999998093","11.800000191","0"
"2020-06-16","27.899999619","11","20.399999619","0"
"2020-06-17","26.899999619","14.600000381","20.700000763","0"
"2020-06-18","19","6","11.899999619","0"
"2020-06-19","17.299999237","6.5","12.399999619","0"
"2020-06-20","14","3.5","12.300000191","0"
"2020-06-21","19.600000381","10.5","14.399999619","0"
"2020-06-22","20","0","14","0"
"2020-06-23","16.5","12.399999619","13","1"
"2020-06-24",\N,"10.800000191",\N,"0.5"
"2020-06-25","14.800000191","0.8000000119",\N,"0"
"2020-06-26","15.199999809","-2.200000048","8.3000001907","0"
"2020-06-27","16.700000763","-0.699999988","7.8000001907","0"
"2020-06-28","17.5","-0.699999988","9.3999996185","0"
"2020-06-29","16.899999619","4","11.800000191","0"
"2020-06-30","12.5","9","10.399999619","0"
"2020-07-01","10.399999619","2.4000000954","5.3000001907","0"
"2020-07-02","15.199999809","-4","7.0999999046","0"
"2020-07-03","17.799999237","2","10.199999809","0"
"2020-07-04","18.700000763","4.6999998093","9.5","0"
"2020-07-05","15.199999809","2.7000000477","7.9000000954","0"
"2020-07-06","13.5","-4","6.5","0"
"2020-07-07","8.5","4.5","5.9000000954","0"
"2020-07-08","12.899999619","-4.300000191","3.9000000954","0"
"2020-07-09","16.5","-2.200000048",\N,"0"
"2020-07-10","17.200000763","3.5999999046","10.600000381","0"
"2020-07-11","18.399999619","-3.599999905","6.4000000954","0"
"2020-07-12","17.5","-0.400000006","9.3000001907","0"
"2020-07-13","15.300000191","-0.699999988","5.9000000954","0"
"2020-07-14","16.299999237","-6","6.8000001907","0"
"2020-07-15","15.5","0.6000000238","9.1000003815","0"
"2020-07-16","20.700000763","9.1999998093","13.699999809",\N
"2020-07-17","11.800000191",\N,\N,"0"
"2020-07-18","20","10.399999619","14.800000191","0"
"2020-07-19","14.600000381","12","13.300000191","0"
"2020-07-20","14.5","10.600000381","12.600000381","0"
"2020-07-21","15.100000381","12","13.399999619","0"
"2020-07-22","14.100000381","10.399999619","11.800000191","0"
"2020-07-23","12.399999619","6.5","7.5","0"
"2020-07-24","16.200000763","4","7.6999998093","0"
"2020-07-25","18.100000381","-0.5","9.6999998093","0"
"2020-07-26","19.899999619","3.5","12.800000191","0"
"2020-07-27","17.5","0.6999999881","11","0"
"2020-07-28","13.800000191","-5.5","3.7000000477","0"
"2020-07-29","16.299999237","-4.699999809","7.4000000954","0"
"2020-07-30","17.100000381","-2","8.3000001907","0"
"2020-07-31","21.100000381","1.6000000238","11.800000191","0"
"2020-08-01","26.899999619","3.5999999046",\N,"0"
"2020-08-02","29.700000763","12.199999809","20.799999237","0"
"2020-08-03","32.5","12.199999809","22.700000763","0"
"2020-08-04","30.100000381","14.300000191","21.700000763","0"
"2020-08-05","32.599998474","20.200000763","25.5","0"
"2020-08-06","22.799999237","11.199999809","15.300000191","1"
"2020-08-07","13.800000191","8.5","11.399999619","0.5"
"2020-08-08","16.100000381","11","13.100000381","0"
"2020-08-09","24.899999619",\N,"15.899999619","0"
"2020-08-10","19.600000381","10.399999619","14.899999619","0"
"2020-08-11","14.5","-1.5","7.0999999046","0"
"2020-08-12","16.100000381","-3.5","8.1000003815","0"
"2020-08-13","20.5","-2.5","11.699999809","0"
"2020-08-14","22.700000763","3.5","13.199999809","0"
"2020-08-15","19.5","-3","11","0"
"2020-08-16","22","-1.700000048","13.899999619","0"
"2020-08-17","24.600000381","2.2999999523","16.100000381","0"
"2020-08-18","23","8.3000001907","15.300000191","0"
"2020-08-19","12.600000381","-0.5","6.1999998093","0"
"2020-08-20","14","-5.400000095","4","0"
"2020-08-21","17.600000381","0","11.399999619","0"
"2020-08-22","19.100000381","-0.200000003","10.5","0"
"2020-08-23","22.5","2.2999999523","15.800000191","0"
"2020-08-24","28.299999237","10","20.600000381","0"
"2020-08-25","30.399999619","16","23.5","0"
"2020-08-26","23.399999619","11.800000191","14.600000381","0"
"2020-08-27","18.5","5.5","13.300000191","0"
"2020-08-28","26.799999237","7","19.899999619","0"
"2020-08-29","19","11","14.199999809","0"
"2020-08-30","16.600000381","4","10.800000191","0"
"2020-08-31","12.899999619","5.8000001907","10.600000381","0"
"2020-09-01","10.399999619","5.1999998093","7.1999998093","33"
"2020-09-02","9","5.1999998093","8","4"
"2020-09-03","14.5","5","9.8000001907","0"
"2020-09-04","17.799999237","6.5","13","0"
"2020-09-05","20.299999237","6.0999999046","13.399999619","0"
"2020-09-06","18.799999237","6.4000000954","12.800000191","0"
"2020-09-07","20.299999237","5","14","0"
"2020-09-08","22.700000763","6.5","15.699999809","0"
"2020-09-09","23.899999619","10.5","17.799999237","0"
"2020-09-10","26.5","8.1999998093","18.700000763","0"
"2020-09-11","20.899999619","10.699999809","16.5","0"
"2020-09-12","21.5","3","16.799999237","0"
"2020-09-13","24.200000763","8.5","17.299999237","0"
"2020-09-14","19.5","0","13","0"
"2020-09-15","19","4","12.100000381","0"
"2020-09-16","23","1.7999999523","14.300000191","0"
"2020-09-17","29","2.7999999523","21.700000763","0"
"2020-09-18","26","10","19.5","0"
"2020-09-19","19.299999237","4.4000000954","13.199999809","0"
"2020-09-20","21.5","-2","15.199999809","0"
"2020-09-21","23.5","-1.5","16.200000763","0"
"2020-09-22","25","5.6999998093","17.399999619","0"
"2020-09-23","28.799999237","8.6999998093","20.299999237","0"
"2020-09-24","32","11.5","23.399999619","0"
"2020-09-25","29.200000763","18.5","23.100000381","0"
"2020-09-26","26.299999237","14.5","19.799999237","0.5"
"2020-09-27","20.299999237","10.899999619","14.600000381","0"
"2020-09-28","25.799999237","1.5","17.899999619","0"
"2020-09-29","30.100000381","9","22.5","0"
"2020-09-30","35.799999237","13.699999809","26.600000381","0"
"2020-10-01","24.600000381","13.300000191","18.600000381","0"
"2020-10-02","21.200000763","6.5",\N,"0"
"2020-10-03","17.5","8.8999996185","13.100000381","0"
"2020-10-04","12.800000191","7.6999998093","9.3999996185","0"
"2020-10-05","18.799999237","5.1999998093","10.800000191","0"
"2020-10-06","24.299999237","1.5","17.5","0"
"2020-10-07","29.200000763","5.5","22.600000381","0"
"2020-10-08","29","12.5","22.299999237","0"
"2020-10-09","28.200000763","13","20.899999619","0"
"2020-10-10","29.200000763","9.5","22.299999237","0"
"2020-10-11","26","12","18.899999619","0"
"2020-10-12","27","3.7999999523","20.299999237","0"
"2020-10-13","29.100000381","5.6999998093","22.299999237","0"
"2020-10-14","29.200000763","11.5","23.600000381","0"
"2020-10-15","27.5","13.699999809","21","0"
"2020-10-16","31","11","24.799999237","0"
"2020-10-17","34.400001526","17.799999237","27.100000381","0"
"2020-10-18","38.200000763",\N,"31.700000763","0"
"2020-10-19","36.5","20.399999619","28.5","43"
"2020-10-20",\N,"14.699999809",\N,\N
"2020-10-21",\N,\N,\N,\N
"2020-10-22",\N,\N,\N,\N
"2020-10-23",\N,\N,\N,\N
"2020-10-24",\N,\N,\N,\N
"2020-10-25",\N,\N,\N,\N
"2020-10-26",\N,\N,\N,\N
"2020-10-27",\N,\N,\N,\N
"2020-10-28",\N,\N,\N,\N
"2020-10-29","20.5",\N,\N,"0"
"2020-10-30","21.100000381","8","16","0"
"2020-10-31","25","5.5999999046","18.299999237","0"
"2020-11-01","26.700000763","8.6000003815","21.299999237","0"
"2020-11-02","27.100000381","9.5","22.100000381","0"
"2020-11-03","28.600000381","13.199999809","23.100000381","0"
"2020-11-04","27.600000381","13.5","21.299999237","0"
"2020-11-05","27.700000763","11","21.399999619","0"
"2020-11-06","29","11.5","24.200000763","0"
"2020-11-07","30.700000763","17","25.600000381","0"
"2020-11-08","24.799999237","16.5","21.799999237","4"
"2020-11-09","25.700000763","18","21.200000763","0"
"2020-11-10","28.299999237","14.5","22.799999237","0"
"2020-11-11","30","15.5","24.399999619","0"
"2020-11-12","32.299999237","15.600000381","26.700000763","0"
"2020-11-13",\N,"16",\N,\N
"2020-11-14",\N,\N,\N,\N
"2020-11-15",\N,\N,\N,\N
"2020-11-16",\N,\N,\N,"0"
"2020-11-17","29.100000381","20.600000381","23.200000763","0"
"2020-11-18",\N,"15.600000381",\N,\N
"2020-11-19","28.600000381",\N,\N,"0"
"2020-11-20","29.700000763","12.699999809","23.600000381","0"
"2020-11-21","28.600000381","14.199999809","23.600000381","0"
"2020-11-22","32.700000763","13.800000191","27.399999619","0"
"2020-11-23","35.299999237","17.799999237","28.799999237","0"
"2020-11-24",\N,"20.5",\N,\N
"2020-11-25",\N,\N,\N,\N
"2020-11-26",\N,"15.300000191",\N,"0"
"2020-11-27","33.200000763","13.5","27.700000763","0"
"2020-11-28","28","18.5","21","15"
"2020-11-29","29.600000381","15.399999619","22.600000381","0.5"
"2020-11-30","26.299999237","15","21.100000381","0"
"2020-12-01",\N,"12.800000191",\N,"20"
"2020-12-02","23.799999237","17.700000763","19.100000381","72"
"2020-12-03","29.799999237","13.699999809","25.100000381","2"
"2020-12-04","25.100000381","15","17.600000381","0"
"2020-12-05","23.799999237","9.1999998093","19.299999237","0"
"2020-12-06","25.799999237","10.5","20.700000763","0"
"2020-12-07","27","10.5","23.600000381","0"
"2020-12-08","31.5","16","25.5","0"
"2020-12-09",\N,"16.5","28","0"
"2020-12-10","35.200000763",\N,"29.600000381","0"
"2020-12-11","28.5","20","22.700000763","0"
"2020-12-12","27","12.399999619","20.799999237","3"
"2020-12-13","24.700000763","15.800000191","18.200000763","0"
"2020-12-14","27.899999619","11",\N,"0"
"2020-12-15","30.700000763","15","24.5","0"
"2020-12-16","31","13.300000191","24.100000381","0"
"2020-12-17","33.200000763","15.300000191","27.5","0"
"2020-12-18","33.799999237","18.700000763","29.399999619","41"
"2020-12-19","28.299999237","14.800000191","20.5","0"
"2020-12-20","25.799999237","10.800000191","21.600000381","0"
"2020-12-21","29.600000381","11","23.799999237","0"
"2020-12-22","30.700000763","17",\N,"0"
"2020-12-23","31.299999237","13.5","26.200000763","0"
"2020-12-24","33.5","16","28","0"
"2020-12-25","33.700000763","22.600000381","27.700000763","0"
"2020-12-26","34.900001526","18.399999619","30","0"
"2020-12-27","33.900001526","21.399999619","28.899999619","0"
"2020-12-28","32.400001526","20.799999237","24.899999619","0"
"2020-12-29","34.700000763","17.700000763","29","10"
"2020-12-30","27.799999237","15","17.899999619","5"
"2020-12-31","29.299999237","9.8000001907","23.600000381","0"
"2021-01-01","32.200000763","14.800000191","25.5","0"
"2021-01-02","34.299999237","17.5","29","0"
"2021-01-03","30.5","18.5","26.200000763","0"
"2021-01-04","32.700000763","17.5","27.700000763","0"
"2021-01-05","28.799999237","17.200000763","21.5","0"
"2021-01-06","27.5","15.5","21.100000381","0"
"2021-01-07","33.200000763","10.5","26.399999619","0"
"2021-01-08","33","15.199999809","28.100000381","5"
"2021-01-09","31.200000763","17.5","25.299999237","0"
"2021-01-10","35.099998474","17.600000381","29.399999619","12"
"2021-01-11","29.399999619","17.299999237","20.200000763","18"
"2021-01-12","26.399999619","15.5","22.100000381","0"
"2021-01-13","30","15.5","24.899999619","0"
"2021-01-14","30.799999237","18","25.5","35"
"2021-01-15","25.600000381","17.799999237","19.799999237","17"
"2021-01-16","24.5","14.699999809","20.600000381","4"
"2021-01-17","26.799999237","13","20","0"
"2021-01-18","29.100000381","10","23.700000763","0"
"2021-01-19","30.700000763","13.699999809","24.899999619","0"
"2021-01-20","31.5","13","25.5","0"
"2021-01-21","31.399999619","15.399999619","26.200000763","0"
"2021-01-22","32.400001526","19","28.200000763","0"
"2021-01-23","33.799999237","18","28.899999619","0"
"2021-01-24","34.599998474","21.700000763","29.5","0"
"2021-01-25","33.900001526","22","28","24"
"2021-01-26","27.899999619","21","23.899999619","0.3000000119"
"2021-01-27","32.400001526","19.5","28","0"
"2021-01-28","28.799999237","20.299999237","23.700000763","40"
"2021-01-29","25.899999619","16.799999237","21.399999619","31"
"2021-01-30","22.600000381","17.799999237","19.600000381","10"
"2021-01-31","20","13.5","17.799999237","9"
"2021-02-01","24.200000763","16.5","20.200000763","2"
"2021-02-02","22.799999237","17.700000763","21.100000381","0"
"2021-02-03","26.5","17","21.100000381","0"
"2021-02-04","27.600000381","14.5","22.399999619","0"
"2021-02-05","29","12.5","23.299999237","0"
"2021-02-06","30","14.199999809","24.600000381","0"
"2021-02-07","30.600000381","15.600000381","24.700000763","0"
"2021-02-08",\N,"14.5",\N,"0"
"2021-02-09","25.600000381","17.5","21.100000381","0"
"2021-02-10",\N,"16.200000763",\N,"0"
"2021-02-11","27.600000381","15","22.399999619","0"
"2021-02-12","30.100000381","13.800000191","24.399999619","0"
"2021-02-13","29.700000763","15.199999809","23.600000381","17"
"2021-02-14","30.100000381","15","23.299999237","0"
"2021-02-15","28.799999237","16.700000763","24","3"
"2021-02-16","26.899999619","16.200000763","21.100000381","0"
"2021-02-17","29.799999237","10.300000191","22.100000381","0"
"2021-02-18","31.799999237","13.600000381","24.700000763","0"
"2021-02-19","27.899999619","15","22.5","0"
"2021-02-20","28.5","13.300000191","23","0"
"2021-02-21","31.299999237","17","25.700000763","0"
"2021-02-22","33",\N,"26.899999619","0"
"2021-02-23","28.799999237","19.5","23.399999619","0"
"2021-02-24","31","11.5","24.200000763","0"
"2021-02-25","31.799999237","12.5","25.600000381","0"
"2021-02-26","31.899999619","15.5","25.200000763","0"
"2021-02-27","33","12.300000191","27","0"
"2021-02-28","33","20","26.299999237","3"
"2021-03-01","31.299999237","20.5","26.399999619","0"
"2021-03-02","32.5","20","26.700000763","0"
"2021-03-03","30.299999237","18.799999237","23.600000381","0"
"2021-03-04","30","20","24.600000381","0"
"2021-03-05","29.5","17.799999237","24.299999237","0"
"2021-03-06","29.899999619","14.100000381","22","0"
"2021-03-07","31.100000381","11.800000191","23.700000763","0"
"2021-03-08","29.700000763","12.5","22.299999237","0"
"2021-03-09","31.700000763","14.899999619","24.600000381","0"
"2021-03-10","32.5","14","25.200000763","0"
"2021-03-11","32.099998474","17.200000763","25.200000763","0"
"2021-03-12","29.200000763","14.5","23.600000381","0"
"2021-03-13","31.600000381","18.600000381","24.799999237","0"
"2021-03-14","24.700000763","18","20.399999619","14"
"2021-03-15","21.600000381","16.600000381","17.700000763","20"
"2021-03-16","25.899999619","17","20.200000763","7"
"2021-03-17","21.600000381","16.299999237","18.5","0"
"2021-03-18","20.700000763","11.5","16.200000763","0"
"2021-03-19","23.799999237","9.5","19","6"
"2021-03-20","23.5","16.299999237","19.700000763","0.1000000015"
"2021-03-21","27.200000763","10.800000191","19","0"
"2021-03-22","25","12.199999809","19.299999237","0"
"2021-03-23","27.700000763","10.100000381","20.700000763","0"
"2021-03-24","25.899999619","16.399999619","21.100000381","28"
"2021-03-25",\N,"20.399999619",\N,\N
"2021-03-26","21.5",\N,\N,"0"
"2021-03-27","20.299999237","12.600000381","16.299999237","0"
"2021-03-28","23","12.5","17.399999619","0"
"2021-03-29","27.700000763","10.5","20.100000381","0"
"2021-03-30","26.799999237","12.5","21.100000381","0"
"2021-03-31","26.5","12.5","19.799999237","0"
"2021-04-01","25.899999619","13.5","20.100000381","0"
"2021-04-02","25.5","12","18.899999619","0"
"2021-04-03","27.799999237","10.699999809","20.899999619","0"
"2021-04-04","28.700000763","12.199999809","22.100000381","0"
"2021-04-05","29.200000763","14.800000191",\N,"0"
"2021-04-06","28.600000381","13","22.700000763","0"
"2021-04-07","30.5","16.5","23.799999237","0"
"2021-04-08","32.700000763","19.200000763","25.799999237",\N
"2021-04-09","19.200000763",\N,\N,"49"
"2021-04-10","20","15.399999619","17.799999237","24"
"2021-04-11","20.700000763","12.800000191","15.5","0"
"2021-04-12","24.600000381","7.5","18.399999619",\N
"2021-04-13","24.700000763",\N,\N,\N
"2021-04-14","26.200000763",\N,\N,"0"
"2021-04-15","29.399999619","12.5","22","0"
"2021-04-16","29.5","14.800000191","22.5","0"
"2021-04-17","28.5","13.899999619","21.600000381","0"
"2021-04-18","29.299999237","16.200000763","22.5","0"
"2021-04-19","27.700000763","15.300000191","21.899999619","0"
"2021-04-20","28","15.199999809","21.399999619","0"
"2021-04-21","20.5","15.5","18.799999237","65"
"2021-04-22","26.100000381","16","21.100000381","0"
"2021-04-23","20.399999619","15","18.200000763","6"
"2021-04-24","22.5","14.800000191","17.100000381","0"
"2021-04-25","21.5","7","14.600000381","0"
"2021-04-26","22.799999237","5","15.699999809","0"
"2021-04-27","23.700000763","7","17.200000763","0"
"2021-04-28","24.799999237","10.800000191","18.200000763","0"
"2021-04-29","24","11","17.700000763","0"
"2021-04-30","23.700000763","8","16.5","0"
"2021-05-01","26.899999619","10.199999809","19.100000381","0"
"2021-05-02","29.700000763","13.899999619","21.899999619","0"
"2021-05-03","30.600000381","18","22.899999619","0"
"2021-05-04","18.799999237","11.600000381","13.300000191","0"
"2021-05-05","17","7.5999999046","11.399999619","0"
"2021-05-06","19.200000763","1","10.5","0"
"2021-05-07",\N,"2",\N,"0"
"2021-05-08","20.700000763","1","13.100000381","0"
"2021-05-09","21.100000381","4.0999999046",\N,"0"
"2021-05-10","18.100000381","6.8000001907","13.300000191","0"
"2021-05-11","18.100000381","-0.5","10.199999809","0"
"2021-05-12","20.799999237","-2","12.800000191","0"
"2021-05-13","21.100000381","3","12.899999619","0"
"2021-05-14","22.5","1.5","13.199999809","0"
"2021-05-15","23.100000381","2.2000000477","14.199999809","0"
"2021-05-16","24","4.8000001907","14.699999809","0"
"2021-05-17","23.399999619","5.6999998093","15.399999619","0"
"2021-05-18","22.100000381","9.3000001907","15.399999619","0"
"2021-05-19","20.799999237","10.5","15.5","0"
"2021-05-20","15.800000191","12.699999809","14.100000381","17"
"2021-05-21","14.399999619","11.600000381","12","5"
"2021-05-22","12.5","8","9.6999998093","2"
"2021-05-23","16.700000763","6","10.399999619","0"
"2021-05-24","20.5","2.5","12.300000191","0"
"2021-05-25","21","1","12","0"
"2021-05-26","23.200000763","5","14.5","0"
"2021-05-27","24.200000763","7.1999998093","16.200000763","0"
"2021-05-28","22.5","9","16.100000381","0"
"2021-05-29","17","5.5","11.399999619","0"
"2021-05-30","19.200000763","-0.800000012","10.600000381","0"
"2021-05-31","23.200000763","6","15.5","0"
"2021-06-01","24","6.1999998093","15.399999619","0"
"2021-06-02","23.100000381","7.5","15.199999809","0"
"2021-06-03","24.200000763","8.3999996185","17.100000381","0"
"2021-06-04","27.899999619","13","20.399999619","0.5"
"2021-06-05","20.799999237","12.300000191","14.899999619","0"
"2021-06-06","16.600000381","0.3000000119","10.699999809","0"
"2021-06-07","16.600000381","4.8000001907","11.600000381","0"
"2021-06-08","20.200000763","7.5999999046","13.699999809","0"
"2021-06-09","21.299999237","10.5","16.399999619","0"
"2021-06-10","20.600000381","11.199999809","14.899999619","0"
"2021-06-11","20.100000381","0.5","11","0"
"2021-06-12","23","7.4000000954","16.299999237","0"
"2021-06-13","23.700000763","11.300000191","16.200000763","0"
"2021-06-14","18.200000763","5.1999998093","12.300000191","0"
"2021-06-15","12.300000191","5.1999998093","8.8999996185","0"
"2021-06-16","9.3999996185","5.1999998093","6","0"
"2021-06-17","12.100000381","2","5.6999998093",\N
"2021-06-18",\N,\N,\N,\N
"2021-06-19",\N,\N,\N,\N
"2021-06-20",\N,\N,\N,\N
"2021-06-21",\N,\N,\N,"0"
"2021-06-22","16.799999237",\N,"11.199999809","0"
"2021-06-23","17","10.399999619","13.699999809","0"
"2021-06-24","16.899999619","5.4000000954","10.199999809","0"
"2021-06-25","18.5","2.7000000477","10.800000191","0"
"2021-06-26","12.899999619","6.1999998093","9","0"
"2021-06-27","11","-1.600000024","3.4000000954","0"
"2021-06-28","10.300000191","-1","4.4000000954","0"
"2021-06-29","12.600000381","-5.5","2.9000000954","0"
"2021-06-30","14.199999809","-1.700000048","7.0999999046","0"
"2021-07-01","17.600000381","1","9.3000001907","0"
"2021-07-02","17.899999619","-0.5","7.5999999046","0"
"2021-07-03","17","-5.5","7.5","0"
"2021-07-04","19.100000381","4","11.100000381","0"
"2021-07-05","20.899999619","0.5","11","0"
"2021-07-06","24.5","5.5","15.300000191","0.5"
"2021-07-07","23.700000763","8.3999996185","16.200000763","0"
"2021-07-08","21.799999237","6","14.5","0"
"2021-07-09","27.299999237","13.5","19.700000763","0"
"2021-07-10","17.899999619","1.8999999762","9.6999998093","0"
"2021-07-11","18.200000763","-2.700000048","11.399999619","0"
"2021-07-12","24.399999619","10.5","18.100000381","0"
"2021-07-13","18.700000763","10.5","13.899999619","16"
"2021-07-14","14.399999619","8.3999996185","8.8999996185","13"
"2021-07-15","15.199999809","3.5","8.3999996185","0"
"2021-07-16","14.199999809","1.7999999523","8","0"
"2021-07-17","14","2","6.3000001907","0"
"2021-07-18","13.5","-1","4.5","0"
"2021-07-19","16","-4","7.3000001907","0"
"2021-07-20","19.799999237","-0.5","11.399999619","0"
"2021-07-21","21.5","1","11.100000381","0"
"2021-07-22","23.5","4.6999998093","13.699999809","0"
"2021-07-23","28.200000763","7.1999998093","18.200000763","0"
"2021-07-24","21.600000381","9.8999996185","14.199999809","0"
"2021-07-25","17.200000763","7.8000001907","11.699999809","0"
"2021-07-26","17.100000381","3.5","10.300000191","0"
"2021-07-27","14.600000381","-3.5","6","0"
"2021-07-28","11","-2.400000095","3.2000000477","0"
"2021-07-29","15.800000191","-5","7.5999999046","0"
"2021-07-30","17.700000763","-1.200000048","8.1999998093","0"
"2021-07-31","20.600000381","1","9.3000001907","0"
"2021-08-01","20.5","-2.599999905","9.6000003815","0"
"2021-08-02","19.299999237","2.5","11.100000381","0"
"2021-08-03","20.600000381","2.7000000477","11.100000381",\N
"2021-08-04","21.700000763",\N,\N,"0"
"2021-08-05","22","3","13.100000381","0"
"2021-08-06","24.899999619","5.5999999046","15.300000191","0"
"2021-08-07","29.799999237","9","19.799999237","0"
"2021-08-08","20","8.1999998093","11.5","5"
"2021-08-09","13.100000381","5.6999998093","8.3000001907","0"
"2021-08-10","13.899999619","-3.400000095","5","0"
"2021-08-11","17.600000381","-2.5","9.3000001907","0"
"2021-08-12","17.799999237","-1","9.1000003815","0"
"2021-08-13","17.100000381","3.2999999523","10.199999809",\N
"2021-08-14","19.5",\N,\N,"0"
"2021-08-15","20.700000763","-1.5","14.100000381","0"
"2021-08-16","26.200000763","7","17.299999237","0"
"2021-08-17","28","9.3999996185","18.899999619","0"
"2021-08-18","32","12.5","21.799999237","0"
"2021-08-19","21.799999237","12.5","16.600000381","0"
"2021-08-20","21.5","9.3999996185","14.699999809","0"
"2021-08-21","22.200000763","7.5999999046","14.600000381","0"
"2021-08-22","22.600000381","5.6999998093","14","0"
"2021-08-23","19.100000381","0.5","12.899999619","0"
"2021-08-24","18.5","3.9000000954","12","0"
"2021-08-25","19.100000381","4","11.199999809","0"
"2021-08-26","22.200000763","1","15.300000191","0"
"2021-08-27","21.899999619","6.5","14.399999619","0"
"2021-08-28","24.299999237","7.3000001907","15.600000381","0"
"2021-08-29","26.100000381","4.3000001907","18.200000763","0"
"2021-08-30","29.700000763","9","20.600000381","0"
"2021-08-31","31.399999619","18","24.399999619","0"
"2021-09-01","29.100000381","17.200000763","22","35"
"2021-09-02","17.799999237","14.199999809","15.100000381","3"
"2021-09-03","16.299999237","13.699999809","15.199999809","0"
"2021-09-04","21.299999237","14.699999809","17.399999619",\N
"2021-09-05","18.200000763",\N,\N,"0"
"2021-09-06","22.100000381","12","17.399999619","0"
"2021-09-07","18.5","13","16.299999237","0.5"
"2021-09-08","15.899999619","10.600000381","12","0.6999999881"
"2021-09-09","16.899999619","10","13.5","0"
"2021-09-10","19.5","4.5","13.800000191","0"
"2021-09-11","23","7.5","16.899999619","0"
"2021-09-12","29","12","21.700000763","0"
"2021-09-13","27.200000763","14.5","18.299999237","0"
"2021-09-14","19.200000763","6","12.399999619","0"
"2021-09-15","22.100000381","1","14.899999619","0"
"2021-09-16",\N,"6.5",\N,"0"
"2021-09-17","26.200000763","8.1999998093","17.700000763","0"
"2021-09-18","27.100000381","9.3999996185","20","0"
"2021-09-19","25.700000763","12.699999809","19.600000381","0"
"2021-09-20","22.100000381","15","18.299999237","0"
"2021-09-21","20.200000763","3","14.199999809","0.5"
"2021-09-22","15.699999809","8.5","12.100000381","0.5"
"2021-09-23","21.100000381","4.5","13.300000191","0"
"2021-09-24","24.5","5","18.399999619","0"
"2021-09-25","25.700000763","8.6000003815","18.399999619","0"
"2021-09-26","29.399999619","10.800000191","21.899999619","0"
"2021-09-27","29.700000763","9.5","21.299999237","0"
"2021-09-28","19.299999237","11.199999809","15","0"
"2021-09-29","25.200000763","11.800000191","19","0"
"2021-09-30","22.299999237","14.899999619","16.100000381","0"
"2021-10-01","25","6.1999998093","18.700000763","0"
"2021-10-02","25.700000763","9.6999998093","18.799999237","0.6999999881"
"2021-10-03","20.5","8.1999998093","13.199999809","0"
"2021-10-04","24.799999237","2.5","17.700000763","0"
"2021-10-05","25.200000763","7.6999998093","19.5","0"
"2021-10-06","20.5","6.9000000954",\N,"0"
"2021-10-07","20.700000763","4.1999998093","15.300000191","0"
"2021-10-08","21.700000763","8.5","15.800000191","0"
"2021-10-09","24.299999237","9","18.399999619","1"
"2021-10-10","19.5","11.5","15.600000381","3"
"2021-10-11","26.5","8.6999998093","19.799999237","0"
"2021-10-12","28","11","21.799999237","20"
"2021-10-13","21.200000763","14.699999809","16.299999237","13"
"2021-10-14","22.700000763","11.699999809","15.899999619","0"
"2021-10-15","19.200000763","8.5","13.699999809","0"
"2021-10-16","21","6.5","15.399999619","0"
"2021-10-17","25.100000381","8.1999998093","18.799999237","0"
"2021-10-18","26.299999237","8.6999998093","19.700000763","0"
"2021-10-19","28.600000381","10","21.899999619","0"
"2021-10-20","28.700000763","12.199999809","23.100000381","0"
"2021-10-21","29.200000763","15.5","23.399999619","0"
"2021-10-22","24.5","12.5","19.100000381","18"
"2021-10-23","22.700000763","13.199999809","16.600000381","0"
"2021-10-24","27.299999237","7.5","20.299999237","0"
"2021-10-25","34.700000763","14.5","27","0"
"2021-10-26","36.5","15.5","28.5","0"
"2021-10-27","35","15","28.5","0"
"2021-10-28","34.5","19","27.600000381","0"
"2021-10-29","34.200000763","17.700000763","27.5","0"
"2021-10-30","35.200000763","16.700000763","29.5","0"
"2021-10-31","28.5","18.399999619","22.5","5"
"2021-11-01","18.399999619","15.300000191","16.399999619","12"
"2021-11-02","21.700000763","15.5","18.299999237","0"
"2021-11-03","27","13.199999809","22.299999237","0"
"2021-11-04","29.799999237","14.800000191","22","17"
"2021-11-05","16.200000763","12.199999809","13.899999619","2"
"2021-11-06","22","10.5","18.299999237","0"
"2021-11-07","26.299999237","13.5","21.799999237","0"
"2021-11-08","29.200000763","17","25","0"
"2021-11-09","28.5","15.5","23.200000763","0"
"2021-11-10","30","16","24","0"
"2021-11-11","28.700000763","16.700000763","24.200000763","0"
"2021-11-12","29.200000763","14.5","23.399999619","0"
"2021-11-13","33.700000763","15.699999809","24.299999237","56"
"2021-11-14","26.100000381","14.600000381","20.100000381","0"
"2021-11-15","29.299999237","12.899999619","23.5","0"
"2021-11-16","21","15.699999809","17","0"
"2021-11-17",\N,"9.1999998093",\N,"0"
"2021-11-18","28.5","7.5","21.799999237","0"
"2021-11-19","32.299999237","12.5","26.600000381","0"
"2021-11-20","33.099998474","16.799999237","26.899999619","0"
"2021-11-21","34.5","19.799999237","28.5","0"
"2021-11-22","36.400001526","15.300000191","29.799999237","0"
"2021-11-23","29.200000763","17.5",\N,"0"
"2021-11-24","34.099998474","16","28.399999619","71"
"2021-11-25","28","18.5","21.600000381","0"
"2021-11-26","30.799999237","14.800000191","25.600000381","0"
"2021-11-27","29.899999619","17.799999237","25.600000381","17"
"2021-11-28","24.100000381","14.899999619","19.200000763","0"
"2021-11-29","27.799999237","13","22.200000763","0"
"2021-11-30","30.899999619","14.199999809","25.200000763","0"
"2021-12-01","29.600000381","18.5","24.5","0"
"2021-12-02","30.700000763","15.300000191","25.600000381","0"
"2021-12-03","29.899999619","16.5","25.299999237","0.200000003"
"2021-12-04","29.200000763","18","24","0"
"2021-12-05","27.799999237","16.799999237","23.799999237","0"
"2021-12-06","30.5","17","25.299999237","0"
"2021-12-07","31","17","26.399999619","0"
"2021-12-08","32","16.5","26.899999619","0"
"2021-12-09","30.5","18.700000763","24.899999619","1"
"2021-12-10","27.5","19.5","23.299999237","0"
"2021-12-11","30.899999619","16.5","27.100000381","4"
"2021-12-12","27.600000381","20","22.5","12"
"2021-12-13","28","19","23.700000763","0"
"2021-12-14","30","17.5","23.399999619","3"
"2021-12-15","29.200000763","16","23","0"
"2021-12-16","30.899999619","14.800000191","24.5","0"
"2021-12-17","31.700000763","16","26.200000763","0"
"2021-12-18","32.599998474","17.799999237","27.700000763","0"
"2021-12-19","35.099998474","19.299999237","28.299999237","0"
"2021-12-20","34.799999237","22.299999237","29.200000763","0"
"2021-12-21","33.5","20.5","28.399999619","0"
"2021-12-22","33.299999237","19.5","28.299999237","0"
"2021-12-23","34.599998474","19","29","0"
"2021-12-24","35.700000763","18","29.299999237","0"
"2021-12-25","33.900001526","18.200000763","28.100000381","0"
"2021-12-26","34.5","19.200000763","26.799999237","0"
"2021-12-27","37","15",\N,"0"
"2021-12-28","38.200000763","17.5","29.700000763","0"
"2021-12-29","38","18.100000381","31.200000763","0"
"2021-12-30","36.099998474","20.799999237","29.100000381","0"
"2021-12-31","37.299999237","16.799999237","30.100000381","0"
"2022-01-01","29.700000763","19.100000381","26.100000381","3"
"2022-01-02","35.200000763","18.399999619","27.5","5"
"2022-01-03","36.700000763","18","30.100000381","4"
"2022-01-04","31.299999237","19.799999237","24.200000763","0"
"2022-01-05","29.299999237","17.5","23.299999237","0"
"2022-01-06","31",\N,"24.799999237","0"
"2022-01-07","32.700000763","17.5","27.399999619","0"
"2022-01-08","33.5","18.600000381","27.600000381","0"
"2022-01-09","35.900001526","18.399999619","29.600000381","0"
"2022-01-10","37.200000763","20.5","31.200000763","0"
"2022-01-11","38.700000763","17.5","32.700000763","0"
"2022-01-12","40.799999237","20.5","33.299999237","0"
"2022-01-13","41.200000763","24.5","33.799999237","0"
"2022-01-14","40.299999237","22.5","33.599998474","0"
"2022-01-15","41","25.5","35","0"
"2022-01-16","36.700000763","19","26.899999619","116"
"2022-01-17","27.799999237","18","23.399999619","2"
"2022-01-18","23.799999237","18.399999619","20.600000381","0"
"2022-01-19","29","17","23.700000763","0"
"2022-01-20","35.200000763","21.799999237","29.899999619","0"
"2022-01-21","37.200000763","24.5","32.599998474","0"
"2022-01-22","33.5","23.600000381","27.100000381","30"
"2022-01-23","28.200000763","20","24","0"
"2022-01-24","28.100000381","19.200000763","26.200000763","0"
"2022-01-25","28.5","24.5","25.700000763","0"
"2022-01-26","30.600000381","23","26","0"
"2022-01-27","24.5","13.800000191","19.899999619","0"
"2022-01-28","26.700000763","11.5","21.200000763","0"
"2022-01-29","29.899999619","13.100000381","24.600000381","0"
"2022-01-30","32.200000763","15.100000381","26.200000763","0.6999999881"
"2022-01-31","29.200000763","17.799999237","25.799999237","0"
"2022-02-01","33.700000763","16.5","27.100000381","0"
"2022-02-02","36.200000763","21","30.100000381","0"
"2022-02-03","32.200000763","20.5","26.299999237","12"
"2022-02-04","26.799999237","17.600000381","22.100000381","3"
"2022-02-05","23.5","14.5","19.799999237","0"
"2022-02-06","24","10","19.100000381","0"
"2022-02-07","27","7.4000000954","20.899999619","0"
"2022-02-08","29","14.5","22.899999619","0"
"2022-02-09","31","15.5","24.799999237","0"
"2022-02-10","33.5","15.5","27.399999619","0"
"2022-02-11","27.799999237","16.799999237","19.399999619",\N
"2022-02-12",\N,\N,\N,\N
"2022-02-13",\N,\N,\N,"0"
"2022-02-14",\N,\N,\N,"0"
"2022-02-15",\N,"15.5",\N,"0"
"2022-02-16",\N,"17.700000763",\N,"0"
"2022-02-17",\N,"17.5",\N,"0"
"2022-02-18",\N,"14.5",\N,\N
"2022-02-19",\N,\N,\N,\N
"2022-02-20",\N,\N,\N,"0"
"2022-02-21",\N,\N,\N,"0"
"2022-02-22",\N,"14.5",\N,"0"
"2022-02-23",\N,"17.5",\N,"12"
"2022-02-24",\N,"16.700000763",\N,"1"
"2022-02-25",\N,"14.300000191",\N,\N
"2022-02-26",\N,\N,\N,\N
"2022-02-27",\N,\N,\N,\N
"2022-02-28",\N,\N,\N,\N
"2022-03-01",\N,\N,\N,"0"
"2022-03-02",\N,\N,\N,"0"
"2022-03-03",\N,"14.5",\N,"87"
"2022-03-04",\N,"20.200000763",\N,\N
"2022-03-05",\N,\N,\N,\N
"2022-03-06",\N,\N,\N,"11"
"2022-03-07",\N,\N,\N,"0"
"2022-03-08",\N,"10.5",\N,"1"
"2022-03-09",\N,\N,\N,"3"
"2022-03-10",\N,"16.5",\N,"0"
"2022-03-11",\N,"11",\N,\N
"2022-03-12",\N,\N,\N,\N
"2022-03-13",\N,\N,\N,"0"
"2022-03-14",\N,\N,\N,"0"
"2022-03-15",\N,"15",\N,"0"
"2022-03-16",\N,"16.5",\N,"0"
"2022-03-17",\N,"16.5",\N,"19"
"2022-03-18",\N,"15.800000191",\N,\N
"2022-03-19",\N,\N,\N,\N
"2022-03-20",\N,\N,\N,\N
"2022-03-21",\N,\N,\N,"0"
"2022-03-22",\N,\N,\N,"0"
"2022-03-23",\N,"17.5",\N,\N
"2022-03-24",\N,\N,\N,"0"
"2022-03-25",\N,\N,\N,\N
"2022-03-26",\N,\N,\N,\N
"2022-03-27",\N,\N,\N,"0"
"2022-03-28",\N,\N,\N,"0"
"2022-03-29",\N,"15.5",\N,"0"
"2022-03-30",\N,"7.1999998093",\N,"0"
"2022-03-31",\N,"0.6999999881",\N,\N
"2022-04-01",\N,\N,\N,\N
"2022-04-02",\N,\N,\N,\N
"2022-04-03",\N,\N,\N,"0"
"2022-04-04",\N,\N,\N,"0"
"2022-04-05",\N,"4.1999998093",\N,"0"
"2022-04-06",\N,"13.800000191",\N,"0"
"2022-04-07",\N,"15",\N,"0"
"2022-04-08",\N,"14",\N,\N
"2022-04-09",\N,\N,\N,\N
"2022-04-10",\N,\N,\N,"33"
"2022-04-11",\N,\N,\N,"0"
"2022-04-12",\N,"7.3000001907",\N,"1"
"2022-04-13",\N,"5.5",\N,\N
"2022-04-14",\N,\N,\N,\N
"2022-04-15",\N,\N,\N,\N
"2022-04-16",\N,\N,\N,\N
"2022-04-17",\N,\N,\N,"0"
"2022-04-18",\N,\N,\N,"0"
"2022-04-19",\N,"4.5",\N,"0"
"2022-04-20",\N,"12.300000191",\N,"10"
"2022-04-21",\N,"11",\N,"12"
"2022-04-22",\N,"11",\N,\N
"2022-04-23",\N,\N,\N,\N
"2022-04-24",\N,\N,\N,"0"
"2022-04-25",\N,\N,\N,"0"
"2022-04-26",\N,"19",\N,"9"
"2022-04-27",\N,"10.5",\N,"0"
"2022-04-28",\N,"9.5",\N,"0"
"2022-04-29",\N,"6",\N,\N
"2022-04-30",\N,\N,\N,\N
"2022-05-01",\N,\N,\N,"0"
"2022-05-02",\N,\N,\N,"0"
"2022-05-03",\N,\N,\N,"0"
"2022-05-04",\N,"2",\N,"0"
"2022-05-05",\N,"7.5",\N,"0"
"2022-05-06",\N,"9",\N,\N
"2022-05-07",\N,\N,\N,\N
"2022-05-08",\N,\N,\N,"0"
"2022-05-09",\N,\N,\N,"0"
"2022-05-10",\N,"6.5",\N,"0"
"2022-05-11",\N,"7.5",\N,"0"
"2022-05-12",\N,"7.1999998093",\N,"0"
"2022-05-13",\N,\N,\N,\N
"2022-05-14",\N,\N,\N,\N
"2022-05-15",\N,\N,\N,"0"
"2022-05-16",\N,\N,\N,"0"
"2022-05-17",\N,\N,\N,\N
"2022-05-18",\N,\N,\N,"0"
"2022-05-19",\N,\N,\N,\N
"2022-05-20",\N,\N,\N,\N
"2022-05-21",\N,\N,\N,\N
"2022-05-22",\N,\N,\N,\N
"2022-05-23",\N,\N,\N,\N
"2022-05-24",\N,\N,\N,\N
"2022-05-25",\N,\N,\N,\N
"2022-05-26",\N,\N,\N,\N
"2022-05-27",\N,\N,\N,\N
"2022-05-28",\N,\N,\N,\N
"2022-05-29",\N,\N,\N,\N
"2022-05-30",\N,\N,\N,\N
"2022-05-31",\N,\N,\N,\N
"2022-06-01",\N,\N,\N,\N
"2022-06-02",\N,\N,\N,\N
"2022-06-03",\N,\N,\N,\N
"2022-06-04",\N,\N,\N,\N
"2022-06-05",\N,\N,\N,\N
"2022-06-06",\N,\N,\N,\N
"2022-06-07",\N,\N,\N,\N
"2022-06-08",\N,\N,\N,\N
"2022-06-09",\N,\N,\N,\N
"2022-06-10",\N,\N,\N,\N
"2022-06-11",\N,\N,\N,\N
"2022-06-12",\N,\N,\N,\N
"2022-06-13",\N,\N,\N,\N
"2022-06-14",\N,\N,\N,"0"
"2022-06-15",\N,\N,\N,"0"
"2022-06-16",\N,"6.1999998093",\N,\N
"2022-06-17",\N,\N,\N,\N
"2022-06-18",\N,\N,\N,\N
"2022-06-19",\N,\N,\N,\N
"2022-06-20",\N,\N,\N,"0"
"2022-06-21",\N,\N,\N,\N
"2022-06-22",\N,\N,\N,\N
"2022-06-23",\N,\N,\N,\N
"2022-06-24",\N,\N,\N,\N
"2022-06-25",\N,\N,\N,\N
"2022-06-26",\N,\N,\N,\N
"2022-06-27",\N,\N,\N,\N
"2022-06-28",\N,\N,\N,"0"
"2022-06-29",\N,"8",\N,"0"
"2022-06-30",\N,"1.5",\N,"0"
"2022-07-01",\N,"5",\N,\N
"2022-07-02",\N,\N,\N,\N
"2022-07-03",\N,\N,\N,"0"
"2022-07-04",\N,\N,\N,"0"
"2022-07-05",\N,"1",\N,"0"
"2022-07-06",\N,"0.8000000119",\N,"0"
"2022-07-07",\N,"2",\N,"0"
"2022-07-08",\N,"-2.5",\N,\N
"2022-07-09",\N,\N,\N,\N
"2022-07-10",\N,\N,\N,"0"
"2022-07-11",\N,\N,\N,"0"
"2022-07-12",\N,"-5.400000095",\N,"0"
"2022-07-13",\N,\N,\N,"0"
"2022-07-14",\N,\N,\N,"0"
"2022-07-15",\N,"6.6999998093",\N,\N
"2022-07-16",\N,\N,\N,\N
"2022-07-17",\N,\N,\N,"0"
"2022-07-18",\N,\N,\N,"0"
"2022-07-19",\N,\N,\N,"0"
"2022-07-20",\N,\N,\N,\N
"2022-07-21",\N,\N,\N,"0"
"2022-07-22",\N,\N,\N,\N
"2022-07-23",\N,\N,\N,\N
"2022-07-24",\N,\N,\N,"0"
"2022-07-25",\N,\N,\N,"0"
"2022-07-26",\N,"15",\N,\N
"2022-07-27",\N,\N,\N,"5"
"2022-07-28",\N,\N,\N,"0"
"2022-07-29",\N,"0",\N,\N
"2022-07-30",\N,\N,\N,\N
"2022-07-31",\N,\N,\N,"0"
"2022-08-01",\N,\N,\N,"0"
"2022-08-02",\N,"6.5",\N,"0"
"2022-08-03",\N,"8.8000001907",\N,"0"
"2022-08-04",\N,"8.6000003815",\N,"0"
"2022-08-05",\N,\N,\N,\N
"2022-08-06",\N,\N,\N,\N
"2022-08-07",\N,\N,\N,\N
"2022-08-08",\N,\N,\N,"24"
"2022-08-09",\N,\N,\N,\N
"2022-08-10",\N,\N,\N,"0"
"2022-08-11",\N,\N,\N,"0"
"2022-08-12",\N,"0.8000000119",\N,\N
"2022-08-13",\N,\N,\N,\N
"2022-08-14",\N,\N,\N,\N
"2022-08-15",\N,\N,\N,"0"
"2022-08-16",\N,\N,\N,"0"
"2022-08-17",\N,"5.1999998093",\N,"0"
"2022-08-18",\N,"-1.5",\N,"0"
"2022-08-19",\N,"-3",\N,\N
"2022-08-20",\N,\N,\N,\N
"2022-08-21",\N,\N,\N,"0"
"2022-08-22",\N,\N,\N,"0"
"2022-08-23",\N,"-2.5",\N,"0"
"2022-08-24",\N,\N,\N,"0"
"2022-08-25",\N,\N,\N,"0"
"2022-08-26",\N,\N,\N,\N
"2022-08-27",\N,\N,\N,\N
"2022-08-28",\N,\N,\N,"0"
"2022-08-29",\N,\N,\N,"0"
"2022-08-30",\N,"4",\N,"0"
"2022-08-31",\N,"7",\N,"0"
"2022-09-01",\N,"11",\N,"0"
"2022-09-02",\N,"5",\N,\N
"2022-09-03",\N,\N,\N,\N
"2022-09-04",\N,\N,\N,"0"
"2022-09-05",\N,\N,\N,"0"
"2022-09-06",\N,\N,\N,"0"
"2022-09-07",\N,"6.5",\N,"0"
"2022-09-08",\N,"8",\N,"0"
"2022-09-09",\N,\N,\N,\N
"2022-09-10",\N,\N,\N,\N
"2022-09-11",\N,\N,\N,"0"
"2022-09-12",\N,\N,\N,"0"
"2022-09-13",\N,"-2",\N,"0"
"2022-09-14",\N,\N,\N,\N
"2022-09-15",\N,\N,\N,"0"
"2022-09-16",\N,\N,\N,\N
"2022-09-17",\N,\N,\N,\N
"2022-09-18",\N,\N,\N,"0"
"2022-09-19",\N,\N,\N,"0"
"2022-09-20",\N,"5.5",\N,"0"
"2022-09-21",\N,"8",\N,"0.5"
"2022-09-22",\N,"1",\N,"0"
"2022-09-23",\N,"1",\N,\N
"2022-09-24",\N,\N,\N,\N
"2022-09-25",\N,\N,\N,"0"
"2022-09-26",\N,\N,\N,"0"
"2022-09-27",\N,\N,\N,"0"
"2022-09-28",\N,"4",\N,"0"
"2022-09-29",\N,\N,\N,"0"
"2022-09-30",\N,\N,\N,\N
"2022-10-01",\N,\N,\N,\N
"2022-10-02",\N,\N,\N,"0"
"2022-10-03",\N,\N,\N,"0"
"2022-10-04",\N,"5.5",\N,"0"
"2022-10-05",\N,"11",\N,"20"
"2022-10-06",\N,"11.5",\N,\N
"2022-10-07",\N,\N,\N,\N
"2022-10-08",\N,\N,\N,\N
"2022-10-09",\N,\N,\N,\N
"2022-10-10",\N,\N,\N,\N
"2022-10-11",\N,\N,\N,"0"
"2022-10-12",\N,\N,\N,"0"
"2022-10-13",\N,\N,\N,"0"
"2022-10-14",\N,\N,\N,\N
"2022-10-15",\N,\N,\N,\N
"2022-10-16",\N,\N,\N,"0"
"2022-10-17",\N,\N,\N,"0"
"2022-10-18",\N,\N,\N,"0"
"2022-10-19",\N,\N,\N,"0"
"2022-10-20",\N,\N,\N,"0"
"2022-10-21",\N,\N,\N,\N
"2022-10-22",\N,\N,\N,\N
"2022-10-23",\N,\N,\N,"0"
"2022-10-24",\N,\N,\N,"0"
"2022-10-25",\N,\N,\N,"22"
"2022-10-26",\N,\N,\N,"0"
"2022-10-27",\N,\N,\N,"0"
"2022-10-28",\N,\N,\N,\N
"2022-10-29",\N,\N,\N,\N
"2022-10-30",\N,\N,\N,"0"
"2022-10-31",\N,\N,\N,"0"
"2022-11-01",\N,\N,\N,"0"
"2022-11-02",\N,\N,\N,"0"
"2022-11-03",\N,\N,\N,\N
"2022-11-04",\N,\N,\N,\N
"2022-11-05",\N,\N,\N,\N
"2022-11-06",\N,\N,\N,"0"
"2022-11-07",\N,\N,\N,"0"
"2022-11-08",\N,\N,\N,"0"
"2022-11-09",\N,\N,\N,"0"
"2022-11-10",\N,\N,\N,"0"
"2022-11-11",\N,\N,\N,\N
"2022-11-12",\N,\N,\N,\N
"2022-11-13",\N,\N,\N,\N
"2022-11-14",\N,\N,\N,"0"
"2022-11-15",\N,\N,\N,\N
"2022-11-16",\N,\N,\N,"0"
"2022-11-17",\N,\N,\N,\N
"2022-11-18",\N,\N,\N,\N
"2022-11-19",\N,\N,\N,\N
"2022-11-20",\N,\N,\N,\N
"2022-11-21",\N,\N,\N,"0"
"2022-11-22",\N,\N,\N,\N
"2022-11-23",\N,\N,\N,"0"
"2022-11-24",\N,\N,\N,\N
"2022-11-25",\N,\N,\N,\N
"2022-11-26",\N,\N,\N,\N
"2022-11-27",\N,\N,\N,\N
"2022-11-28",\N,\N,\N,"0"
"2022-11-29",\N,"15",\N,"0"
"2022-11-30",\N,"20.299999237",\N,"0"
"2022-12-01",\N,"16",\N,"0"
"2022-12-02",\N,"12",\N,\N
"2022-12-03",\N,\N,\N,\N
"2022-12-04",\N,\N,\N,"0"
"2022-12-05",\N,\N,\N,"0"
"2022-12-06",\N,"21",\N,"0"
"2022-12-07",\N,"18.799999237",\N,\N
"2022-12-08",\N,\N,\N,\N
"2022-12-09",\N,\N,\N,\N
"2022-12-10",\N,\N,\N,\N
"2022-12-11",\N,\N,\N,"0"
"2022-12-12",\N,\N,\N,"0"
"2022-12-13",\N,"11.5",\N,"0"
"2022-12-14",\N,"15.5",\N,"0"
"2022-12-15",\N,"20",\N,"0"
"2022-12-16",\N,"15.300000191",\N,\N
"2022-12-17",\N,\N,\N,\N
"2022-12-18",\N,\N,\N,"0"
"2022-12-19",\N,\N,\N,\N
"2022-12-20",\N,\N,\N,"0"
"2022-12-21",\N,"19.5",\N,"0"
"2022-12-22",\N,"21.5",\N,"5"
"2022-12-23",\N,"20",\N,\N
"2022-12-24",\N,\N,\N,\N
"2022-12-25",\N,\N,\N,"0"
"2022-12-26",\N,\N,\N,"0"
"2022-12-27",\N,"11.5",\N,"0"
"2022-12-28",\N,"16.5",\N,"0"
"2022-12-29",\N,"13",\N,"0"
"2022-12-30",\N,"16.5",\N,\N
"2022-12-31",\N,\N,\N,\N
"2023-01-01",\N,\N,\N,"13"
"2023-01-02",\N,\N,\N,"0"
"2023-01-03",\N,"13.800000191",\N,"0"
"2023-01-04",\N,"13.800000191",\N,"0"
"2023-01-05",\N,"14.699999809",\N,"0"
"2023-01-06",\N,"17",\N,\N
"2023-01-07",\N,\N,\N,\N
"2023-01-08",\N,\N,\N,"0"
"2023-01-09",\N,\N,\N,"0"
"2023-01-10",\N,"19.5",\N,"3"
"2023-01-11",\N,"20.399999619",\N,"0"
"2023-01-12",\N,"16.5",\N,"0"
"2023-01-13",\N,"13.5",\N,\N
"2023-01-14",\N,\N,\N,\N
"2023-01-15",\N,\N,\N,"0"
"2023-01-16",\N,\N,\N,"0"
"2023-01-17",\N,"21.5",\N,"7"
"2023-01-18",\N,"19.5",\N,"0"
"2023-01-19",\N,"22.200000763",\N,"0"
"2023-01-20",\N,"24",\N,\N
"2023-01-21",\N,\N,\N,\N
"2023-01-22",\N,\N,\N,"0"
"2023-01-23",\N,\N,\N,\N
"2023-01-24",\N,\N,\N,"0"
"2023-01-25",\N,"20",\N,"0"
"2023-01-26",\N,"21",\N,"0"
"2023-01-27",\N,"23",\N,\N
"2023-01-28",\N,\N,\N,\N
"2023-01-29",\N,\N,\N,"0"
"2023-01-30",\N,\N,\N,"0"
"2023-01-31",\N,"20.5",\N,"0"
"2023-02-01",\N,"20.5",\N,"8"
"2023-02-02",\N,"18.5",\N,"0"
"2023-02-03",\N,"17.5",\N,\N
"2023-02-04",\N,\N,\N,\N
"2023-02-05",\N,\N,\N,"0"
"2023-02-06",\N,\N,\N,"0"
"2023-02-07",\N,"17",\N,"0"
"2023-02-08",\N,"19",\N,"0"
"2023-02-09",\N,"16",\N,"0"
"2023-02-10",\N,"17.200000763",\N,\N
"2023-02-11",\N,\N,\N,\N
"2023-02-12",\N,\N,\N,"0.5"
"2023-02-13",\N,\N,\N,"15"
"2023-02-14",\N,\N,\N,"0"
"2023-02-15",\N,\N,\N,"34"
"2023-02-16",\N,"17.200000763",\N,"0"
"2023-02-17",\N,"6.5",\N,\N
"2023-02-18",\N,\N,\N,\N
"2023-02-19",\N,\N,\N,\N
"2023-02-20",\N,\N,\N,\N
"2023-02-21",\N,\N,\N,"0"
"2023-02-22",\N,\N,\N,"0"
"2023-02-23",\N,"16.299999237",\N,"0"
"2023-02-24",\N,\N,\N,\N
"2023-02-25",\N,\N,\N,\N
"2023-02-26",\N,\N,\N,"0"
"2023-02-27",\N,\N,\N,"0"
"2023-02-28",\N,"18.5",\N,"0"
"2023-03-01",\N,\N,\N,"0"
"2023-03-02",\N,\N,\N,"0"
"2023-03-03",\N,\N,\N,\N
"2023-03-04",\N,\N,\N,\N
"2023-03-05",\N,\N,\N,"0"
"2023-03-06",\N,\N,\N,"0"
"2023-03-07",\N,"17.5",\N,"0"
"2023-03-08",\N,"13.5",\N,"0"
"2023-03-09",\N,"17",\N,"0"
"2023-03-10",\N,"20.5",\N,\N
"2023-03-11",\N,\N,\N,\N
"2023-03-12",\N,\N,\N,\N
"2023-03-13",\N,\N,\N,\N
"2023-03-14",\N,\N,\N,\N
"2023-03-15",\N,\N,\N,\N
"2023-03-16",\N,\N,\N,\N
"2023-03-17",\N,\N,\N,\N
"2023-03-18",\N,\N,\N,\N
"2023-03-19",\N,\N,\N,\N
"2023-03-20",\N,\N,\N,"11"
"2023-03-21",\N,"17",\N,"22"
"2023-03-22",\N,\N,\N,"25"
"2023-03-23",\N,"17.5",\N,\N
"2023-03-24",\N,\N,\N,\N
"2023-03-25",\N,\N,\N,\N
"2023-03-26",\N,\N,\N,"0"
"2023-03-27",\N,\N,\N,"0"
"2023-03-28",\N,"18",\N,"0"
"2023-03-29",\N,"21",\N,"0"
"2023-03-30",\N,"15.5",\N,"0"
"2023-03-31",\N,"18",\N,\N
"2023-04-01",\N,\N,\N,\N
"2023-04-02",\N,\N,\N,"6"
"2023-04-03",\N,\N,\N,"7"
"2023-04-04",\N,\N,\N,"0"
"2023-04-05",\N,\N,\N,\N
"2023-04-06",\N,\N,\N,\N
"2023-04-07",\N,\N,\N,\N
"2023-04-08",\N,\N,\N,\N
"2023-04-09",\N,\N,\N,"0"
"2023-04-10",\N,\N,\N,"0"
"2023-04-11",\N,"15.5",\N,"0"
"2023-04-12",\N,"18.200000763",\N,"3"
"2023-04-13",\N,\N,\N,"0"
"2023-04-14",\N,"11.300000191",\N,\N
"2023-04-15",\N,\N,\N,\N
"2023-04-16",\N,\N,\N,"0"
"2023-04-17",\N,\N,\N,"0.1000000015"
"2023-04-18",\N,"5.4000000954",\N,"0"
"2023-04-19",\N,"8.5",\N,"0"
"2023-04-20",\N,"6.5",\N,"0"
"2023-04-21",\N,"8",\N,\N
"2023-04-22",\N,\N,\N,\N
"2023-04-23",\N,\N,\N,"2"
"2023-04-24",\N,\N,\N,"0.200000003"
"2023-04-25",\N,"9.1999998093",\N,"0"
"2023-04-26",\N,"10",\N,"0"
"2023-04-27",\N,"11",\N,"0"
"2023-04-28",\N,\N,\N,\N
"2023-04-29",\N,\N,\N,\N
"2023-04-30",\N,\N,\N,\N
"2023-05-01",\N,\N,\N,"0"
"2023-05-02",\N,\N,\N,"0"
"2023-05-03",\N,"8.1999998093",\N,"0"
"2023-05-04",\N,"6.1999998093",\N,"0.8000000119"
"2023-05-05",\N,"14.399999619",\N,\N
"2023-05-06",\N,\N,\N,\N
"2023-05-07",\N,\N,\N,"0"
"2023-05-08",\N,"8",\N,"0"
"2023-05-09",\N,"4.5",\N,"0"
"2023-05-10",\N,"10.5",\N,"0"
"2023-05-11",\N,\N,\N,"0"
"2023-05-12",\N,"10.199999809",\N,\N
"2023-05-13",\N,\N,\N,\N
"2023-05-14",\N,\N,\N,\N
"2023-05-15",\N,\N,\N,"0"
"2023-05-16",\N,\N,\N,"0"
"2023-05-17",\N,"11.600000381",\N,"6"
"2023-05-18",\N,"10.5",\N,"0"
"2023-05-19",\N,"13",\N,\N
"2023-05-20",\N,\N,\N,\N
"2023-05-21",\N,\N,\N,"4"
"2023-05-22",\N,"12",\N,"0"
"2023-05-23",\N,"14.5",\N,"9"
"2023-05-24",\N,\N,\N,\N
"2023-05-25",\N,\N,\N,\N
"2023-05-26",\N,\N,\N,\N
"2023-05-27",\N,\N,\N,\N
"2023-05-28",\N,\N,\N,"0"
"2023-05-29",\N,"6",\N,"0"
"2023-05-30",\N,"7.5999999046",\N,"0"
"2023-05-31",\N,"8.5",\N,"0"
"2023-06-01",\N,"15",\N,\N
"2023-06-02",\N,\N,\N,\N
"2023-06-03",\N,\N,\N,\N
"2023-06-04",\N,\N,\N,\N
"2023-06-05",\N,\N,\N,\N
"2023-06-06",\N,\N,\N,"0"
"2023-06-07",\N,"15",\N,"0"
"2023-06-08",\N,"17.5",\N,"0"
"2023-06-09",\N,"17",\N,\N
"2023-06-10",\N,\N,\N,\N
"2023-06-11",\N,\N,\N,"0"
"2023-06-12",\N,"-4",\N,"0"
"2023-06-13",\N,"-3.5",\N,"0"
"2023-06-14",\N,\N,\N,"0"
"2023-06-15",\N,"-2.799999952",\N,"0"
"2023-06-16",\N,"1",\N,\N
"2023-06-17",\N,\N,\N,\N
"2023-06-18",\N,\N,\N,\N
"2023-06-19",\N,\N,\N,\N
"2023-06-20",\N,\N,\N,"1"
"2023-06-21",\N,\N,\N,"5"
"2023-06-22",\N,\N,\N,\N
"2023-06-23",\N,\N,\N,\N
"2023-06-24",\N,\N,\N,\N
"2023-06-25",\N,\N,\N,"0"
"2023-06-26",\N,\N,\N,"0"
"2023-06-27",\N,\N,\N,"0"
"2023-06-28",\N,\N,\N,"0"
"2023-06-29",\N,\N,\N,\N
"2023-06-30",\N,\N,\N,\N
"2023-07-01",\N,\N,\N,\N
"2023-07-02",\N,\N,\N,\N
"2023-07-03",\N,\N,\N,"0"
"2023-07-04",\N,\N,\N,\N
"2023-07-05",\N,\N,\N,\N
"2023-07-06",\N,\N,\N,\N
"2023-07-07",\N,\N,\N,\N
"2023-07-08",\N,\N,\N,\N
"2023-07-09",\N,\N,\N,"0"
"2023-07-10",\N,\N,\N,"0"
"2023-07-11",\N,"10.199999809",\N,"9"
"2023-07-12",\N,"7.8000001907",\N,"1"
"2023-07-13",\N,"4.5",\N,"0"
"2023-07-14",\N,"6.5",\N,\N
"2023-07-15",\N,\N,\N,\N
"2023-07-16",\N,\N,\N,"0"
"2023-07-17",\N,\N,\N,"0"
"2023-07-18",\N,"1.5",\N,\N
"2023-07-19",\N,\N,\N,\N
"2023-07-20",\N,\N,\N,\N
"2023-07-21",\N,\N,\N,\N
"2023-07-22",\N,\N,\N,\N
"2023-07-23",\N,\N,\N,\N
"2023-07-24",\N,\N,\N,\N
"2023-07-25",\N,\N,\N,\N
"2023-07-26",\N,\N,\N,\N
"2023-07-27",\N,\N,\N,\N
"2023-07-28",\N,\N,\N,\N
"2023-07-29",\N,\N,\N,\N
"2023-07-30",\N,\N,\N,\N
"2023-07-31",\N,\N,\N,\N
"2023-08-01",\N,\N,\N,\N
"2023-08-02",\N,\N,\N,\N
"2023-08-03",\N,\N,\N,\N
"2023-08-04",\N,\N,\N,\N
"2023-08-05",\N,\N,\N,\N
"2023-08-06",\N,\N,\N,\N
"2023-08-07",\N,\N,\N,\N
"2023-08-08",\N,\N,\N,\N
"2023-08-09",\N,\N,\N,\N
"2023-08-10",\N,\N,\N,\N
"2023-08-11",\N,\N,\N,\N
"2023-08-12",\N,\N,\N,\N
"2023-08-13",\N,\N,\N,\N
"2023-08-14",\N,\N,\N,\N
"2023-08-15",\N,\N,\N,\N
"2023-08-16",\N,\N,\N,\N
"2023-08-17",\N,\N,\N,\N
"2023-08-18",\N,\N,\N,\N
"2023-08-19",\N,\N,\N,\N
"2023-08-20",\N,\N,\N,\N
"2023-08-21",\N,\N,\N,\N
"2023-08-22",\N,\N,\N,\N
